URL,APA_Reference
http://www.ncbi.nlm.nih.gov/pubmed/27783854,"Ardell, J. & Armour, J. (2016). Neurocardiology: Structure-Based Function.. <i>Compr Physiol</i>."
https://doi.org/10.1002/cphy.c150046,"Ardell, J. L., & Armour, J. A. (2016, September 15). Neurocardiology: StructureâBased Function. Comprehensive Physiology; Wiley; Portico. https://doi.org/10.1002/cphy.c150046 DOI:<a href='https://doi.org/10.1002/cphy.c150046' target='_blank'>https://doi.org/10.1002/cphy.c150046</a>."
http://www.ncbi.nlm.nih.gov/pubmed/2384334,"Tomlinson, A. & Coupland, R. (1990). The innervation of the adrenal gland. IV. Innervation of the rat adrenal medulla from birth to old age. A descriptive and quantitative morphometric and biochemical study of the innervation of chromaffin cells and adrenal medullary neurons in Wistar rats.. <i>J Anat</i>."
http://www.ncbi.nlm.nih.gov/pubmed/3198482,"Kesse, W., Parker, T., et al. (1988). The innervation of the adrenal gland. I. The source of pre- and postganglionic nerve fibres to the rat adrenal gland.. <i>J Anat</i>."
http://www.ncbi.nlm.nih.gov/pubmed/8300416,"Parker, T., Kesse, W., et al. (1993). The innervation of the mammalian adrenal gland.. <i>J Anat</i>."
https://doi.org/10.1016/B978-0-444-53491-0.09985-5,Series page. (2013). In Autonomic Nervous System (p. ii). Elsevier. https://doi.org/10.1016/b978-0-444-53491-0.09985-5 DOI:<a href='https://doi.org/10.1016/B978-0-444-53491-0.09985-5' target='_blank'>https://doi.org/10.1016/B978-0-444-53491-0.09985-5</a>.
http://www.ncbi.nlm.nih.gov/pubmed/1358408,"Vera, P. & Nadelhaft, I. (1992). Afferent and sympathetic innervation of the dome and the base of the urinary bladder of the female rat.. <i>Brain Res Bull</i>."
http://www.ncbi.nlm.nih.gov/pubmed/2571623,"Keast, J. & de, G. W. (1989). Immunohistochemical characterization of pelvic neurons which project to the bladder, colon, or penis in rats.. <i>J Comp Neurol</i>."
http://www.ncbi.nlm.nih.gov/pubmed/2713886,"Keast, J., Booth, A., et al. (1989). Distribution of neurons in the major pelvic ganglion of the rat which supply the bladder, colon or penis.. <i>Cell Tissue Res</i>."
http://www.ncbi.nlm.nih.gov/pubmed/4700666,"Purinton, P., Fletcher, T., et al. (1973). Gross and light microscopic features of the pelvic plexus in the rat.. <i>Anat Rec</i>."
http://www.ncbi.nlm.nih.gov/pubmed/7644029,"Keast, J. (1995). Visualization and immunohistochemical characterization of sympathetic and parasympathetic neurons in the male rat major pelvic ganglion.. <i>Neuroscience</i>."
http://www.ncbi.nlm.nih.gov/pubmed/30704972,"Arellano, J., Xelhuantzi, N., et al. (2019). Neural interrelationships of autonomic ganglia from the pelvic region of male rats.. <i>Auton Neurosci</i>."
http://www.ncbi.nlm.nih.gov/pubmed/7174880,"Hulsebosch, C. & Coggeshall, R. (1982). An analysis of the axon populations in the nerves to the pelvic viscera in the rat.. <i>J Comp Neurol</i>."
http://www.ncbi.nlm.nih.gov/pubmed/11382385,"Nadelhaft, I. & Vera, P. (2001). Separate urinary bladder and external urethral sphincter neurons in the central nervous system of the rat: simultaneous labeling with two immunohistochemically distinguishable pseudorabies viruses.. <i>Brain Res</i>."
http://www.ncbi.nlm.nih.gov/pubmed/1619047,"Keast, J. & De, G. W. (1992). Segmental distribution and peptide content of primary afferent neurons innervating the urogenital organs and colon of male rats.. <i>J Comp Neurol</i>."
http://www.ncbi.nlm.nih.gov/pubmed/32598494,"Bertrand, M., Korajkic, N., et al. (2020). Functional segregation within the pelvic nerve of male rats: a meso- and microscopic analysis.. <i>J Anat</i>."
http://www.ncbi.nlm.nih.gov/pubmed/2891149,"Jänig, W. & McLachlan, E. (1987). Organization of lumbar spinal outflow to distal colon and pelvic organs.. <i>Physiol Rev</i>."
http://www.ncbi.nlm.nih.gov/pubmed/3558884,"Nadelhaft, I. & McKenna, K. (1987). Sexual dimorphism in sympathetic preganglionic neurons of the rat hypogastric nerve.. <i>J Comp Neurol</i>."
http://www.ncbi.nlm.nih.gov/pubmed/3722467,"McKenna, K. & Nadelhaft, I. (1986). The organization of the pudendal nerve in the male and female rat.. <i>J Comp Neurol</i>."
http://www.ncbi.nlm.nih.gov/pubmed/12811806,"Marson, L., Cai, R., et al. (2003). Identification of spinal neurons involved in the urethrogenital reflex in the female rat.. <i>J Comp Neurol</i>."
http://www.ncbi.nlm.nih.gov/pubmed/9622251,"Keast, J. & Saunders, R. (1998). Testosterone has potent, selective effects on the morphology of pelvic autonomic neurons which control the bladder, lower bowel and internal reproductive organs of the male rat.. <i>Neuroscience</i>."
http://www.ncbi.nlm.nih.gov/pubmed/9442414,"Giuliano, F., Facchinetti, P., et al. (1997). Evidence of sympathetic fibers in the male rat pelvic nerve by gross anatomy, retrograde labeling and high resolution autoradiographic study.. <i>Int J Impot Res</i>."
http://www.ncbi.nlm.nih.gov/pubmed/86176,"Hancock, M. & Peveto, C. (1979). Preganglionic neurons in the sacral spinal cord of the rat: an HRP study.. <i>Neurosci Lett</i>."
http://www.ncbi.nlm.nih.gov/pubmed/6736301,"Nadelhaft, I. & Booth, A. (1984). The location and morphology of preganglionic neurons and the distribution of visceral afferents from the rat pelvic nerve: a horseradish peroxidase study.. <i>J Comp Neurol</i>."
http://www.ncbi.nlm.nih.gov/pubmed/10473279,"Watkins, T. & Keast, J. (1999). Androgen-sensitive preganglionic neurons innervate the male rat pelvic ganglion.. <i>Neuroscience</i>."
http://www.ncbi.nlm.nih.gov/pubmed/12401325,"Banrezes, B., Andrey, P., et al. (2002). Spatial segregation within the sacral parasympathetic nucleus of neurons innervating the bladder or the penis of the rat as revealed by three-dimensional reconstruction.. <i>Neuroscience</i>."
http://www.ncbi.nlm.nih.gov/pubmed/21283532,"Peddie, C. & Keast, J. (2011). Pelvic Nerve Injury Causes a Rapid Decrease in Expression of Choline Acetyltransferase and Upregulation of c-Jun and ATF-3 in a Distinct Population of Sacral Preganglionic Neurons.. <i>Front Neurosci</i>."
http://www.ncbi.nlm.nih.gov/pubmed/758335,"Hancock, M. & Peveto, C. (1979). A preganglionic autonomic nucleus in the dorsal gray commissure of the lumbar spinal cord of the rat.. <i>J Comp Neurol</i>."
http://www.ncbi.nlm.nih.gov/pubmed/1726105,"Baron, R. & Jänig, W. (1991). Afferent and sympathetic neurons projecting into lumbar visceral nerves of the male rat.. <i>J Comp Neurol</i>."
http://www.ncbi.nlm.nih.gov/pubmed/3225349,"Baron, R., Jänig, W., et al. (1988). Sympathetic and afferent somata projecting in hindlimb nerves and the anatomical organization of the lumbar sympathetic nervous system of the rat.. <i>J Comp Neurol</i>."
http://www.ncbi.nlm.nih.gov/pubmed/2567744,"Anderson, C., McLachlan, E., et al. (1989). Distribution of sympathetic preganglionic neurons and monoaminergic nerve terminals in the spinal cord of the rat.. <i>J Comp Neurol</i>."
http://www.ncbi.nlm.nih.gov/pubmed/3416186,"Strack, A., Sawyer, W., et al. (1988). Spinal origin of sympathetic preganglionic neurons in the rat.. <i>Brain Res</i>."
http://www.ncbi.nlm.nih.gov/pubmed/7419745,"Schrøder, H. (1980). Organization of the motoneurons innervating the pelvic muscles of the male rat.. <i>J Comp Neurol</i>."
http://www.ncbi.nlm.nih.gov/pubmed/7636036,"Vizzard, M., Erickson, V., et al. (1995). Transneuronal labeling of neurons in the adult rat brainstem and spinal cord after injection of pseudorabies virus into the urethra.. <i>J Comp Neurol</i>."
http://www.ncbi.nlm.nih.gov/pubmed/9421141,"Marson, L. (1997). Identification of central nervous system neurons that innervate the bladder body, bladder base, or external urethral sphincter of female rats: a transneuronal tracing study using pseudorabies virus.. <i>J Comp Neurol</i>."
http://www.ncbi.nlm.nih.gov/pubmed/11748568,"Kane, D., Shott, S., et al. (2002). Motor pudendal nerve characterization in the female rat.. <i>Anat Rec</i>."
http://www.ncbi.nlm.nih.gov/pubmed/8601295,"Sang, Q. & Young, H. (1996). Chemical coding of neurons in the myenteric plexus and external muscle of the small and large intestine of the mouse.. <i>Cell Tissue Res</i>."
https://doi.org/10.3389/fphar.2014.00017,"Jobling, P., OâHara, K., & Hua, S. (2014). Female reproductive tract pain: targets, challenges, and outcomes. Frontiers in Pharmacology, 5. https://doi.org/10.3389/fphar.2014.00017 DOI:<a href='https://doi.org/10.3389/fphar.2014.00017' target='_blank'>https://doi.org/10.3389/fphar.2014.00017</a>."
http://dx.doi.org/10.1002/(SICI)1096-9861(19980928)399:3%3C403::AID-CNE8%3E3.0.CO;2-4,"Houdeau, E., Rousseau, A., Meusnier, C., Prudâhomme, M.-J., & Rousseau, J.-P. (1998). Sympathetic innervation of the upper and lower regions of the uterus and cervix in the rat have different origins and routes. The Journal of Comparative Neurology, 399(3), 403â412. https://doi.org/10.1002/(sici)1096-9861(19980928)399:3<403::aid-cne8>3.0.co;2-4 DOI:<a href='http://dx.doi.org/10.1002/(SICI)1096-9861(19980928)399:3%3C403::AID-CNE8%3E3.0.CO;2-4' target='_blank'>http://dx.doi.org/10.1002/(SICI)1096-9861(19980928)399:3%3C403::AID-CNE8%3E3.0.CO;2-4</a>."
https://doi.org/10.1016/j.autneu.2014.11.009,"MÃ³nica Brauer, M., & Smith, P. G. (2015). Estrogen and female reproductive tract innervation: Cellular and molecular mechanisms of autonomic neuroplasticity. Autonomic Neuroscience, 187, 1â17. https://doi.org/10.1016/j.autneu.2014.11.009 DOI:<a href='https://doi.org/10.1016/j.autneu.2014.11.009' target='_blank'>https://doi.org/10.1016/j.autneu.2014.11.009</a>."
https://doi.org/10.1152/ajpcell.1986.251.1.C41,"Garfield, R. E. (1986). Structural studies of innervation on nonpregnant rat uterus. American Journal of Physiology-Cell Physiology, 251(1), C41âC54. https://doi.org/10.1152/ajpcell.1986.251.1.c41 DOI:<a href='https://doi.org/10.1152/ajpcell.1986.251.1.C41' target='_blank'>https://doi.org/10.1152/ajpcell.1986.251.1.C41</a>."
https://doi.org/10.1016/j.jasi.2014.04.008,"Sangari, S. K., & Khatri, K. (2014). Pre and postganglionic innervation of rat adrenal gland by fluorescent tract tracer â Fast blue. Journal of the Anatomical Society of India, 63(1), 57â60. https://doi.org/10.1016/j.jasi.2014.04.008 DOI:<a href='https://doi.org/10.1016/j.jasi.2014.04.008' target='_blank'>https://doi.org/10.1016/j.jasi.2014.04.008</a>."
http://dx.doi.org/10.1016/S0165-1838(97)00091-X,"Serghini, R., Prudâhomme, M.-J., Vaudry, H., & Jean-Paul Rousseau. (1997). Involvement of the pelvic plexus and the suprarenal ganglia in the neuropeptide Y (NPY) innervation of the cervix and the uterus of the rat. Journal of the Autonomic Nervous System, 67(1â2), 38â50. https://doi.org/10.1016/s0165-1838(97)00091-x DOI:<a href='http://dx.doi.org/10.1016/S0165-1838(97)00091-X' target='_blank'>http://dx.doi.org/10.1016/S0165-1838(97)00091-X</a>."
http://dx.doi.org/10.1186/s13048-017-0311-x,"PastelÃ­n, C. F., Rosas, N. H., Morales-Ledesma, L., Linares, R., DomÃ­nguez, R., & MorÃ¡n, C. (2017). Anatomical organization and neural pathways of the ovarian plexus nerve in rats. Journal of Ovarian Research, 10(1). https://doi.org/10.1186/s13048-017-0311-x DOI:<a href='http://dx.doi.org/10.1186/s13048-017-0311-x' target='_blank'>http://dx.doi.org/10.1186/s13048-017-0311-x</a>."
https://doi.org/10.1016/0304-3940(88)90354-0,"Klein, C. M., & Burden, H. W. (1988). Anatomical localization of afferent and postganglionic sympathetic neurons innervating the rat ovary. Neuroscience Letters, 85(2), 217â222. https://doi.org/10.1016/0304-3940(88)90354-0 DOI:<a href='https://doi.org/10.1016/0304-3940(88)90354-0' target='_blank'>https://doi.org/10.1016/0304-3940(88)90354-0</a>."
https://doi.org/10.1016/S0165-1838(00)00071-0,"Gerendai, I., TÃ³th, I. E., BoldogkÃ¶i, Z., Medveczky, I., & HalÃ¡sz, B. (2000). CNS structures presumably involved in vagal control of ovarian function. Journal of the Autonomic Nervous System, 80(1â2), 40â45. https://doi.org/10.1016/s0165-1838(00)00071-0 DOI:<a href='https://doi.org/10.1016/S0165-1838(00)00071-0' target='_blank'>https://doi.org/10.1016/S0165-1838(00)00071-0</a>."
https://doi.org/10.1159/000054372,"Gerendai, I., TÃ³th, I. E., BoldogkÅi, Z., Medveczky, I., & HalÃ¡sz, B. (1998). Neuronal Labeling in the Rat Brain and Spinal Cord from the Ovary Using Viral Transneuronal Tracing Technique. Neuroendocrinology, 68(4), 244â256. Portico. https://doi.org/10.1159/000054372 DOI:<a href='https://doi.org/10.1159/000054372' target='_blank'>https://doi.org/10.1159/000054372</a>."
http://dx.doi.org/10.1186/1477-7827-7-50,"MorÃ¡n, C., Zarate, F., MorÃ¡n, J. L., Handal, A., & DomÃ­nguez, R. (2009). Lateralization of the connections of the ovary to the celiac ganglia in juvenile rats. Reproductive Biology and Endocrinology, 7(1). https://doi.org/10.1186/1477-7827-7-50 DOI:<a href='http://dx.doi.org/10.1186/1477-7827-7-50' target='_blank'>http://dx.doi.org/10.1186/1477-7827-7-50</a>."
https://doi.org/10.1016/j.autneu.2016.04.003,"Uchida, S., & Kagitani, F. (2016). Sympathetic regulation of ovarian functions under chronic estradiol treatment in rats. Autonomic Neuroscience, 197, 19â24. https://doi.org/10.1016/j.autneu.2016.04.003 DOI:<a href='https://doi.org/10.1016/j.autneu.2016.04.003' target='_blank'>https://doi.org/10.1016/j.autneu.2016.04.003</a>."
https://doi.org/10.1016/0165-1838(96)00019-7,"Sato, Y., Hotta, H., Nakayama, H., & Suzuki, H. (1996). Sympathetic and parasympathetic regulation of the uterine blood flow and contraction in the rat. Journal of the Autonomic Nervous System, 59(3), 151â158. https://doi.org/10.1016/0165-1838(96)00019-7 DOI:<a href='https://doi.org/10.1016/0165-1838(96)00019-7' target='_blank'>https://doi.org/10.1016/0165-1838(96)00019-7</a>."
https://doi.org/10.1016/S0165-1838(97)00091-X,"Serghini, R., Prudâhomme, M.-J., Vaudry, H., & Jean-Paul Rousseau. (1997). Involvement of the pelvic plexus and the suprarenal ganglia in the neuropeptide Y (NPY) innervation of the cervix and the uterus of the rat. Journal of the Autonomic Nervous System, 67(1â2), 38â50. https://doi.org/10.1016/s0165-1838(97)00091-x DOI:<a href='https://doi.org/10.1016/S0165-1838(97)00091-X' target='_blank'>https://doi.org/10.1016/S0165-1838(97)00091-X</a>."
https://doi.org/10.1016/S0306-4522(99)00396-6,"Collins, J. J., Wilson, K., Fischer-Colbrie, R., & Papka, R. E. (1999). Distribution and origin of secretoneurin-immunoreactive nerves in the female rat uterus. Neuroscience, 95(1), 255â264. https://doi.org/10.1016/s0306-4522(99)00396-6 DOI:<a href='https://doi.org/10.1016/S0306-4522(99)00396-6' target='_blank'>https://doi.org/10.1016/S0306-4522(99)00396-6</a>."
http://dx.doi.org/10.1007/s004410051290,"Papka, R. E., Traurig, H. H., Schemann, M., Collins, J., Copelin, T., & Wilson, K. (1999). Cholinergic neurons of the pelvic autonomic ganglia and uterus of the female rat: distribution of axons and presence of muscarinic receptors. Cell &amp; Tissue Research, 296(2), 293. https://doi.org/10.1007/s004410051290 DOI:<a href='http://dx.doi.org/10.1007/s004410051290' target='_blank'>http://dx.doi.org/10.1007/s004410051290</a>."
https://doi.org/10.1002/cne.22515,"Gnanamanickam, G. J. E., & LlewellynâSmith, I. J. (2011). Innervation of the rat uterus at estrus: A study in fullâthickness, immunoperoxidaseâstained wholeâmount preparations. Journal of Comparative Neurology, 519(4), 621â643. Portico. https://doi.org/10.1002/cne.22515 DOI:<a href='https://doi.org/10.1002/cne.22515' target='_blank'>https://doi.org/10.1002/cne.22515</a>."
http://dx.doi.org/10.1007/s004410051211,"Collins, J. J., Lin, C. E., Berthoud, H. R., & Papka, R. E. (1999). Vagal afferents from the uterus and cervix provide direct connections to the brainstem. Cell and Tissue Research, 295(1), 43â54. https://doi.org/10.1007/s004410051211 DOI:<a href='http://dx.doi.org/10.1007/s004410051211' target='_blank'>http://dx.doi.org/10.1007/s004410051211</a>."
https://doi.org/10.1016/0006-8993(95)01312-1,"Komisaruk, B. R., Bianca, R., Sansone, G., GoÂ´mez, L. E., Cueva-RoloÂ´n, R., Beyer, C., & Whipple, B. (1996). Brain-mediated responses to vaginocervical stimulation in spinal cord-transected rats: role of the vagus nerves. Brain Research, 708(1â2), 128â134. https://doi.org/10.1016/0006-8993(95)01312-1 DOI:<a href='https://doi.org/10.1016/0006-8993(95)01312-1' target='_blank'>https://doi.org/10.1016/0006-8993(95)01312-1</a>."
https://doi.org/10.1016/0196-9781(85)90306-7,"Ghatei, M. A., Gu, J., Mulderry, P. K., Blank, M. A., Allen, J. M., Morrison, J. F. B., Polak, J. M., & Bloom, S. R. (1985). Calcitonin gene-related peptide (CGRP) in the female rat urogenital tract. Peptides, 6(5), 809â815. https://doi.org/10.1016/0196-9781(85)90306-7 DOI:<a href='https://doi.org/10.1016/0196-9781(85)90306-7' target='_blank'>https://doi.org/10.1016/0196-9781(85)90306-7</a>."
https://doi.org/10.1016/0361-9230(90)90221-K,"Ortega-Villalobos, M., GarcÃ­a-BazÃ¡n, M., Solano-Flores, L. P., Ninomiya-AlarcÃ³n, J. G., Guevara-GuzmÃ¡n, R., & Wayner, M. J. (1990). Vagus nerve afferent and efferent innervation of the rat uterus: An electrophysiological and HRP study. Brain Research Bulletin, 25(3), 365â371. https://doi.org/10.1016/0361-9230(90)90221-k DOI:<a href='https://doi.org/10.1016/0361-9230(90)90221-K' target='_blank'>https://doi.org/10.1016/0361-9230(90)90221-K</a>."
https://doi.org/10.1016/j.mpaic.2019.04.003,"Abbas, K., Monaghan, S. D., & Campbell, I. (2019). Uterine physiology. Anaesthesia &amp; Intensive Care Medicine, 20(7), 389â391. https://doi.org/10.1016/j.mpaic.2019.04.003 DOI:<a href='https://doi.org/10.1016/j.mpaic.2019.04.003' target='_blank'>https://doi.org/10.1016/j.mpaic.2019.04.003</a>."
https://doi.org/10.1016/0002-9378(79)90348-X,"Thorbert, G., Alm, P., BjÃ¶rklund, A. B., Owman, C., & SjÃ¶berg, N.-O. (1979). Adrenergic innervation of the human uterus. American Journal of Obstetrics and Gynecology, 135(2), 223â226. https://doi.org/10.1016/0002-9378(79)90348-x DOI:<a href='https://doi.org/10.1016/0002-9378(79)90348-X' target='_blank'>https://doi.org/10.1016/0002-9378(79)90348-X</a>."
https://doi.org/10.1152/ajpendo.1989.257.2.E220,"Jorgensen, J. C., Sheikh, S. P., Forman, A., Norgard, M., Schwartz, T. W., & Ottesen, B. (1989). Neuropeptide Y in the human female genital tract: localization and biological action. American Journal of Physiology-Endocrinology and Metabolism, 257(2), E220âE227. https://doi.org/10.1152/ajpendo.1989.257.2.e220 DOI:<a href='https://doi.org/10.1152/ajpendo.1989.257.2.E220' target='_blank'>https://doi.org/10.1152/ajpendo.1989.257.2.E220</a>."
https://pubmed.ncbi.nlm.nih.gov/4911145/,"Marshall, J. (1970). Adrenergic innervation of the female reproductive tract: anatomy, physiology and pharmacology.. <i>Ergeb Physiol</i>."
https://pubmed.ncbi.nlm.nih.gov/18677514/,"Latini, C., Frontini, A., et al. (2008). Remodeling of uterine innervation.. <i>Cell Tissue Res</i>."
https://doi.org/10.1093/ajcp/16.2.117,"Freeman, A. (1946). The Distribution of the Nerves to the Adult Human Uterus. American Journal of Clinical Pathology, 16(2), 117â123. https://doi.org/10.1093/ajcp/16.2.117 DOI:<a href='https://doi.org/10.1093/ajcp/16.2.117' target='_blank'>https://doi.org/10.1093/ajcp/16.2.117</a>."
https://doi.org/10.1095/biolreprod25.1.227,"Helm, G., Ottesen, B., Fahrenkrug, J., Larsen, J. -j., Owman, C., SjÃ¶berg, N. -o., Stolberg, B., Sundler, F., & Walles, B. (1981). Vasoactive Intestinal Polypeptide (VIP) in the Human Female Reproductive Tract: Distribution and Motor Effects. Biology of Reproduction, 25(1), 227â234. https://doi.org/10.1095/biolreprod25.1.227 DOI:<a href='https://doi.org/10.1095/biolreprod25.1.227' target='_blank'>https://doi.org/10.1095/biolreprod25.1.227</a>."
https://doi.org/10.3843/GLOWM.10001,"Sokol, E. R. (2011). Clinical Anatomy of the Uterus, Fallopian Tubes, and Ovaries. The Global Library of Womenâs Medicine. https://doi.org/10.3843/glowm.10001 DOI:<a href='https://doi.org/10.3843/GLOWM.10001' target='_blank'>https://doi.org/10.3843/GLOWM.10001</a>."
https://doi.org/10.1016/B978-0-12-410390-0.00050-0,"Tubbs, R. S., Shoja, M. M., & Loukas, M. (2015). Abdominal Pre- and Para-aortic and Inferior Hypogastric Plexuses. In Nerves and Nerve Injuries (pp. 647â658). Elsevier. https://doi.org/10.1016/b978-0-12-410390-0.00050-0 DOI:<a href='https://doi.org/10.1016/B978-0-12-410390-0.00050-0' target='_blank'>https://doi.org/10.1016/B978-0-12-410390-0.00050-0</a>."
https://doi.org/10.1097/00006254-197010000-00001,"NEILSON, D., JONES, G. S., WOODRUFF, J. D., & GOLDBERG, B. (1970). THE INNERVATION OF THE OVARY. Obstetrical &amp; Gynecological Survey, 25(10), 889â904. https://doi.org/10.1097/00006254-197010000-00001 DOI:<a href='https://doi.org/10.1097/00006254-197010000-00001' target='_blank'>https://doi.org/10.1097/00006254-197010000-00001</a>."
https://doi.org/10.1016/S0196-9781(99)00005-4,"HauserâKronberger, C., Cheung, A., Hacker, G. W., Graf, A.-H., Dietze, O., & Frick, J. (1999). Peptidergic innervation of the human clitoris. Peptides, 20(5), 539â543. https://doi.org/10.1016/s0196-9781(99)00005-4 DOI:<a href='https://doi.org/10.1016/S0196-9781(99)00005-4' target='_blank'>https://doi.org/10.1016/S0196-9781(99)00005-4</a>."
https://doi.org/10.1111/j.1743-6109.2006.00325.x,"Pauls, R., Mutema, G., Segal, J., Silva, W. A., Kleeman, S., Dryfhout, V., & Karram, M. (2006). A Prospective Study Examining the Anatomic Distribution of Nerve Density in the Human Vagina. The Journal of Sexual Medicine, 3(6), 979â987. https://doi.org/10.1111/j.1743-6109.2006.00325.x DOI:<a href='https://doi.org/10.1111/j.1743-6109.2006.00325.x' target='_blank'>https://doi.org/10.1111/j.1743-6109.2006.00325.x</a>."
https://doi.org/10.1159/000147722,"Hilliges, M., Falconer, C., Ekman-Ordeberg, G., & Johansson, O. (1995). Innervation of the Human Vaginal Mucosa as Revealed by PGP 9.5 Immunohistochemistry. Cells Tissues Organs, 153(2), 119â126. Portico. https://doi.org/10.1159/000147722 DOI:<a href='https://doi.org/10.1159/000147722' target='_blank'>https://doi.org/10.1159/000147722</a>."
https://doi.org/10.1016/0167-0115(82)90091-X,"Helm, G. H., HÃ¥kanson, R., Leander, S., Owman, C., SjÃ¶berg, N.-O., & Sporrong, B. (1982). Neurogenic relaxation mediated by vasoactive intestinal polypeptide (VIP) in the isthmus of the human fallopian tube. Regulatory Peptides, 3(2), 145â153. https://doi.org/10.1016/0167-0115(82)90091-x DOI:<a href='https://doi.org/10.1016/0167-0115(82)90091-X' target='_blank'>https://doi.org/10.1016/0167-0115(82)90091-X</a>."
https://doi.org/10.1210/edrv-5-4-525,"JANSEN, R. P. S. (1984). Endocrine Response in the Fallopian Tube. Endocrine Reviews, 5(4), 525â551. https://doi.org/10.1210/edrv-5-4-525 DOI:<a href='https://doi.org/10.1210/edrv-5-4-525' target='_blank'>https://doi.org/10.1210/edrv-5-4-525</a>."
https://doi.org/10.1016/0002-9378(89)90126-9,"Morizaki, N., Morizaki, J., Hayashi, R. H., & Garfield, R. E. (1989). A functional and structural study of the innervation of the human uterus. American Journal of Obstetrics and Gynecology, 160(1), 218â228. https://doi.org/10.1016/0002-9378(89)90126-9 DOI:<a href='https://doi.org/10.1016/0002-9378(89)90126-9' target='_blank'>https://doi.org/10.1016/0002-9378(89)90126-9</a>."
https://www.ncbi.nlm.nih.gov/pmc/articles/PMC7103609/,"Aleksandrovych, V., Kurnik-Łucka, M., et al. (2019). The Autonomic Innervation and Uterine Telocyte Interplay in Leiomyoma Formation. <i>Cell Transplant</i>."
http://dx.doi.org/10.1007/s11906-020-01110-9,"Lugo-Gavidia, L. M., Nolde, J. M., Kiuchi, M. G., Shetty, S., Azzam, O., Carnagarin, R., & Schlaich, M. P. (2020). Interventional Approaches for Loin Pain Hematuria Syndrome and Kidney-Related Pain Syndromes. Current Hypertension Reports, 22(12). https://doi.org/10.1007/s11906-020-01110-9 DOI:<a href='http://dx.doi.org/10.1007/s11906-020-01110-9' target='_blank'>http://dx.doi.org/10.1007/s11906-020-01110-9</a>."
https://doi.org/10.1007/bf00495438,"Ballesta, J., Polak, J. M., Allen, J. M., & Bloom, S. R. (1984). The nerves of the juxtaglomerular apparatus of man and other mammals contain the potent peptide NPY. Histochemistry, 80(5), 483â485. https://doi.org/10.1007/bf00495438 DOI:<a href='https://doi.org/10.1007/bf00495438' target='_blank'>https://doi.org/10.1007/bf00495438</a>."
https://doi.org/10.1007/s00429-004-0420-3,"Tiniakos, D., Anagnostou, V., Stavrakis, S., Karandrea, D., Agapitos, E., & Kittas, C. (2004). Ontogeny of intrinsic innervation in the human kidney. Anatomy and Embryology, 209(1), 41â47. https://doi.org/10.1007/s00429-004-0420-3 DOI:<a href='https://doi.org/10.1007/s00429-004-0420-3' target='_blank'>https://doi.org/10.1007/s00429-004-0420-3</a>."
https://doi.org/10.1038/s41598-019-41159-4,"Choe, W.-S., Song, W. H., Jeong, C. W., Choi, E.-K., & Oh, S. (2019). Anatomic Conformation of Renal Sympathetic Nerve Fibers in Living Human Tissues. Scientific Reports, 9(1). https://doi.org/10.1038/s41598-019-41159-4 DOI:<a href='https://doi.org/10.1038/s41598-019-41159-4' target='_blank'>https://doi.org/10.1038/s41598-019-41159-4</a>."
https://doi.org/10.1159/000282292,"Tainio, H., KylmÃ¤lÃ¤, T., & Heikkinen, A. (1992). Peptidergic Innervation of the Normal and Obstructed Human Pyeloureteral Junctions. Urologia Internationalis, 48(1), 31â34. https://doi.org/10.1159/000282292 DOI:<a href='https://doi.org/10.1159/000282292' target='_blank'>https://doi.org/10.1159/000282292</a>."
https://doi.org/10.4103/0974-7796.84968,"Reddy, S., Kumar, P., & Prasad, K. (2011). Histomorphometric and sympathetic innervation of the human renal artery: A cadaveric study. Urology Annals, 3(3), 141. https://doi.org/10.4103/0974-7796.84968 DOI:<a href='https://doi.org/10.4103/0974-7796.84968' target='_blank'>https://doi.org/10.4103/0974-7796.84968</a>."
https://doi.org/10.1016/j.aanat.2015.11.004,"van Amsterdam, W. A. C., Blankestijn, P. J., Goldschmeding, R., & Bleys, R. L. A. W. (2016). The morphological substrate for Renal Denervation: Nerve distribution patterns and parasympathetic nerves. A post-mortem histological study. Annals of Anatomy - Anatomischer Anzeiger, 204, 71â79. https://doi.org/10.1016/j.aanat.2015.11.004 DOI:<a href='https://doi.org/10.1016/j.aanat.2015.11.004' target='_blank'>https://doi.org/10.1016/j.aanat.2015.11.004</a>."
http://dx.doi.org/10.1016/0006-8993(88)90132-1,"Strack, A. M., Sawyer, W. B., Marubio, L. M., & Loewy, A. D. (1988). Spinal origin of sympathetic preganglionic neurons in the rat. Brain Research, 455(1), 187â191. https://doi.org/10.1016/0006-8993(88)90132-1 DOI:<a href='http://dx.doi.org/10.1016/0006-8993(88)90132-1' target='_blank'>http://dx.doi.org/10.1016/0006-8993(88)90132-1</a>."
https://doi.org/10.1152/ajpregu.00079.2021,"Torres, H., Huesing, C., Burk, D. H., Molinas, A. J. R., Neuhuber, W. L., Berthoud, H.-R., MÃ¼nzberg, H., Derbenev, A. V., & Zsombok, A. (2021). Sympathetic innervation of the mouse kidney and liver arising from prevertebral ganglia. American Journal of Physiology-Regulatory, Integrative and Comparative Physiology, 321(3), R328âR337. https://doi.org/10.1152/ajpregu.00079.2021 DOI:<a href='https://doi.org/10.1152/ajpregu.00079.2021' target='_blank'>https://doi.org/10.1152/ajpregu.00079.2021</a>."
https://doi.org/10.1681/ASN.2021111518,"Cheng, X., Zhang, Y., Chen, R., Qian, S., Lv, H., Liu, X., & Zeng, S. (2022). Anatomical Evidence for Parasympathetic Innervation of the Renal Vasculature and Pelvis. Journal of the American Society of Nephrology, 33(12), 2194â2210. https://doi.org/10.1681/asn.2021111518 DOI:<a href='https://doi.org/10.1681/ASN.2021111518' target='_blank'>https://doi.org/10.1681/ASN.2021111518</a>."
https://doi.org/10.1101/2023.11.15.567276,"NâGuetta, P.-E. Y., McLarnon, S. R., Tassou, A., Geron, M., Shirvan, S., Hill, R. Z., Scherrer, G., & OâBrien, L. L. (2023). Comprehensive mapping of sensory and sympathetic innervation of the developing kidney. https://doi.org/10.1101/2023.11.15.567276 DOI:<a href='https://doi.org/10.1101/2023.11.15.567276' target='_blank'>https://doi.org/10.1101/2023.11.15.567276</a>."
https://doi.org/10.1152/jn.00173.2019,"Ong, J., Kinsman, B. J., Sved, A. F., Rush, B. M., Tan, R. J., Carattino, M. D., & Stocker, S. D. (2019). Renal sensory nerves increase sympathetic nerve activity and blood pressure in 2-kidney 1-clip hypertensive mice. Journal of Neurophysiology, 122(1), 358â367. https://doi.org/10.1152/jn.00173.2019 DOI:<a href='https://doi.org/10.1152/jn.00173.2019' target='_blank'>https://doi.org/10.1152/jn.00173.2019</a>."
https://doi.org/10.3389/fnins.2023.974197,"Tyshynsky, R., Sensarma, S., Riedl, M., Bukowy, J., Schramm, L. P., Vulchanova, L., & Osborn, J. W. (2023). Periglomerular afferent innervation of the mouse renal cortex. Frontiers in Neuroscience, 17. https://doi.org/10.3389/fnins.2023.974197 DOI:<a href='https://doi.org/10.3389/fnins.2023.974197' target='_blank'>https://doi.org/10.3389/fnins.2023.974197</a>."
http://dx.doi.org/10.1152/ajprenal.1987.252.6.F957,"Sripairojthikoon, W., & Wyss, J. M. (1987). Cells of origin of the sympathetic renal innervation in rat. American Journal of Physiology-Renal Physiology, 252(6), F957âF963. https://doi.org/10.1152/ajprenal.1987.252.6.f957 DOI:<a href='http://dx.doi.org/10.1152/ajprenal.1987.252.6.F957' target='_blank'>http://dx.doi.org/10.1152/ajprenal.1987.252.6.F957</a>."
https://doi.org/10.1002/cne.902160205,"Kuo, D. C., Nadelhaft, I., Hisamitsu, T., & de Groat, W. C. (1983). Segmental distribution and central projectionsof renal afferent fibers in the cat studied by transganglionic transport of horseradish peroxidase. Journal of Comparative Neurology, 216(2), 162â174. Portico. https://doi.org/10.1002/cne.902160205 DOI:<a href='https://doi.org/10.1002/cne.902160205' target='_blank'>https://doi.org/10.1002/cne.902160205</a>."
https://doi.org/10.1016/0165-1838(84)90076-6,"Meckler, R. L., & Weaver, L. C. (1984). Comparison of the distributions of renal and splenic neurons in sympathetic ganglia. Journal of the Autonomic Nervous System, 11(2), 189â200. https://doi.org/10.1016/0165-1838(84)90076-6 DOI:<a href='https://doi.org/10.1016/0165-1838(84)90076-6' target='_blank'>https://doi.org/10.1016/0165-1838(84)90076-6</a>."
https://doi.org/10.1016/0304-3940(82)90319-6,"Kuo, D. C., de Groat,  william C., & Nadelhaft, I. (1982). Origin of sympathetic efferent axons in the renal nerves of the cat. Neuroscience Letters, 29(3), 213â218. https://doi.org/10.1016/0304-3940(82)90319-6 DOI:<a href='https://doi.org/10.1016/0304-3940(82)90319-6' target='_blank'>https://doi.org/10.1016/0304-3940(82)90319-6</a>."
http://dx.doi.org/10.1292/jvms.13-0617,"MAEDA, S., KUWAHARA-OTANI, S., TANAKA, K., HAYAKAWA, T., & SEKI, M. (2014). Origin of Efferent Fibers of the Renal Plexus in the Rat Autonomic Nervous System. Journal of Veterinary Medical Science, 76(5), 763â765. https://doi.org/10.1292/jvms.13-0617 DOI:<a href='http://dx.doi.org/10.1292/jvms.13-0617' target='_blank'>http://dx.doi.org/10.1292/jvms.13-0617</a>."
https://doi.org/10.1002/aja.1001860407,"Barajas, L., & Powers, K. (1989). Innervation of the renal proximal convoluted tubule of the rat. American Journal of Anatomy, 186(4), 378â388. Portico. https://doi.org/10.1002/aja.1001860407 DOI:<a href='https://doi.org/10.1002/aja.1001860407' target='_blank'>https://doi.org/10.1002/aja.1001860407</a>."
http://dx.doi.org/10.1016/j.autneu.2016.05.007,"Burnstock, G., & Loesch, A. (2017). Sympathetic innervation of the kidney in health and disease: Emphasis on the role of purinergic cotransmission. Autonomic Neuroscience, 204, 4â16. https://doi.org/10.1016/j.autneu.2016.05.007 DOI:<a href='http://dx.doi.org/10.1016/j.autneu.2016.05.007' target='_blank'>http://dx.doi.org/10.1016/j.autneu.2016.05.007</a>."
https://doi.org/10.1016/s0022-5320(73)90073-7,"Barajas, L., & MÃ¼ller, J. (1973). The innervation of the juxtaglomerular apparatus and surrounding tubules: A quantitative analysis by serial section electron microscopy. Journal of Ultrastructure Research, 43(1â2), 107â132. https://doi.org/10.1016/s0022-5320(73)90073-7 DOI:<a href='https://doi.org/10.1016/s0022-5320(73)90073-7' target='_blank'>https://doi.org/10.1016/s0022-5320(73)90073-7</a>."
https://doi.org/10.1152/ajprenal.1984.247.1.F50,"Barajas, L., Powers, K., & Wang, P. (1984). Innervation of the renal cortical tubules: a quantitative study. American Journal of Physiology-Renal Physiology, 247(1), F50âF60. https://doi.org/10.1152/ajprenal.1984.247.1.f50 DOI:<a href='https://doi.org/10.1152/ajprenal.1984.247.1.F50' target='_blank'>https://doi.org/10.1152/ajprenal.1984.247.1.F50</a>."
http://dx.doi.org/10.1016/0165-1838(86)90034-2,"Ferguson, M., Ryan, G. B., & Bell, C. (1986). Localization of sympathetic and sensory neurons innervating the rat kidney. Journal of the Autonomic Nervous System, 16(4), 279â288. https://doi.org/10.1016/0165-1838(86)90034-2 DOI:<a href='http://dx.doi.org/10.1016/0165-1838(86)90034-2' target='_blank'>http://dx.doi.org/10.1016/0165-1838(86)90034-2</a>."
https://doi.org/10.1007/bf01191730,"Luff, S. E., Hengstberger, S. G., Mclachlan, E. M., & Anderson, W. P. (1991). Two types of sympathetic axon innervating the juxtaglomerular arterioles of the rabbit and rat kidney differ structurally from those supplying other arteries. Journal of Neurocytology, 20(10), 781â795. https://doi.org/10.1007/bf01191730 DOI:<a href='https://doi.org/10.1007/bf01191730' target='_blank'>https://doi.org/10.1007/bf01191730</a>."
https://doi.org/10.1016/0006-8993(83)91072-7,"Donovan, M. K., Wyss, J. M., & Winternitz, S. R. (1983). Localization of renal sensory neurons using the fluorescent dye technique. Brain Research, 259(1), 119â122. https://doi.org/10.1016/0006-8993(83)91072-7 DOI:<a href='https://doi.org/10.1016/0006-8993(83)91072-7' target='_blank'>https://doi.org/10.1016/0006-8993(83)91072-7</a>."
https://doi.org/10.1016/0165-1838(83)90110-8,"Ciriello, J., & Calaresu, F. R. (1983). Central projections of afferent renal fibers in the rat: an anterograde transport study of horseradish peroxidase. Journal of the Autonomic Nervous System, 8(3), 273â285. https://doi.org/10.1016/0165-1838(83)90110-8 DOI:<a href='https://doi.org/10.1016/0165-1838(83)90110-8' target='_blank'>https://doi.org/10.1016/0165-1838(83)90110-8</a>."
https://doi.org/10.1016/s0006-8993(98)00950-0,"Weiss, M. L., & Chowdhury, S. I. (1998). The renal afferent pathways in the rat: a pseudorabies virus study. Brain Research, 812(1â2), 227â241. https://doi.org/10.1016/s0006-8993(98)00950-0 DOI:<a href='https://doi.org/10.1016/s0006-8993(98)00950-0' target='_blank'>https://doi.org/10.1016/s0006-8993(98)00950-0</a>."
https://doi.org/10.1146/annurev-physiol-031620-091656,"Osborn, J. W., Tyshynsky, R., & Vulchanova, L. (2021). Function of Renal Nerves in Kidney Physiology and Pathophysiology. Annual Review of Physiology, 83(1), 429â450. https://doi.org/10.1146/annurev-physiol-031620-091656 DOI:<a href='https://doi.org/10.1146/annurev-physiol-031620-091656' target='_blank'>https://doi.org/10.1146/annurev-physiol-031620-091656</a>."
https://doi.org/10.1152/ajprenal.1986.250.2.f189,"Gattone, V. H., Marfurt, C. F., & Dallie, S. (1986). Extrinsic innervation of the rat kidney: a retrograde tracing study. American Journal of Physiology-Renal Physiology, 250(2), F189âF196. https://doi.org/10.1152/ajprenal.1986.250.2.f189 DOI:<a href='https://doi.org/10.1152/ajprenal.1986.250.2.f189' target='_blank'>https://doi.org/10.1152/ajprenal.1986.250.2.f189</a>."
http://dx.doi.org/10.1002/cne.10765,"Buijs, R. M., la Fleur, S. E., Wortel, J., van Heyningen, C., Zuiddam, L., Mettenleiter, T. C., Kalsbeek, A., Nagai, K., & Niijima, A. (2003). The suprachiasmatic nucleus balances sympathetic and parasympathetic output to peripheral organs through separate preautonomic neurons. Journal of Comparative Neurology, 464(1), 36â48. Portico. https://doi.org/10.1002/cne.10765 DOI:<a href='http://dx.doi.org/10.1002/cne.10765' target='_blank'>http://dx.doi.org/10.1002/cne.10765</a>."
http://dx.doi.org/10.1002/cphy.c120018,"Jensen, K. J., Alpini, G., & Glaser, S. (2013, April). Hepatic Nervous System and Neurobiology of the Liver. Comprehensive Physiology; Wiley; Portico. https://doi.org/10.1002/cphy.c120018 DOI:<a href='http://dx.doi.org/10.1002/cphy.c120018' target='_blank'>http://dx.doi.org/10.1002/cphy.c120018</a>."
https://doi.org/10.1016/j.bbadis.2010.01.006,"Yi, C.-X., la Fleur, S. E., Fliers, E., & Kalsbeek, A. (2010). The role of the autonomic nervous liver innervation in the control of energy metabolism. Biochimica et Biophysica Acta (BBA) - Molecular Basis of Disease, 1802(4), 416â431. https://doi.org/10.1016/j.bbadis.2010.01.006 DOI:<a href='https://doi.org/10.1016/j.bbadis.2010.01.006' target='_blank'>https://doi.org/10.1016/j.bbadis.2010.01.006</a>."
http://dx.doi.org/10.1002/ar.1091910106,"Reilly, F. D., McCuskey, P. A., & McCuskey, R. S. (1978). Intrahepatic distribution of nerves in the rat. The Anatomical Record, 191(1), 55â67. Portico. https://doi.org/10.1002/ar.1091910106 DOI:<a href='http://dx.doi.org/10.1002/ar.1091910106' target='_blank'>http://dx.doi.org/10.1002/ar.1091910106</a>."
http://dx.doi.org/10.1002/ar.a.20087,"McCuskey, R. S. (2004). Anatomy of efferent hepatic nerves. The Anatomical Record Part A: Discoveries in Molecular, Cellular, and Evolutionary Biology, 280A(1), 821â826. Portico. https://doi.org/10.1002/ar.a.20087 DOI:<a href='http://dx.doi.org/10.1002/ar.a.20087' target='_blank'>http://dx.doi.org/10.1002/ar.a.20087</a>."
http://dx.doi.org/10.1007/BF00305105,"Metz, W., & Forssmann, W. G. (1980). Innervation of the liver in guinea pig and rat. Anatomy and Embryology, 160(3), 239â252. https://doi.org/10.1007/bf00305105 DOI:<a href='http://dx.doi.org/10.1007/BF00305105' target='_blank'>http://dx.doi.org/10.1007/BF00305105</a>."
http://dx.doi.org/10.1016/0300-9629(94)00189-Z,"Lin, Y., Nosaka, S., Amakata, Y., & Maeda, T. (1995). Comparative study of the mammalian liver innervation: an immunohistochemical study of protein gene product 9.5, dopamine Î²-hydroxylase and tyrosine hydroxylase. Comparative Biochemistry and Physiology Part A: Physiology, 110(4), 289â298. https://doi.org/10.1016/0300-9629(94)00189-z DOI:<a href='http://dx.doi.org/10.1016/0300-9629(94)00189-Z' target='_blank'>http://dx.doi.org/10.1016/0300-9629(94)00189-Z</a>."
http://dx.doi.org/10.1079/PNS19870016,"Anil, M. H., & Forbes, J. M. (1987). Neural control and neurosensory functions of the liver. Proceedings of the Nutrition Society, 46(1), 125â133. https://doi.org/10.1079/pns19870016 DOI:<a href='http://dx.doi.org/10.1079/PNS19870016' target='_blank'>http://dx.doi.org/10.1079/PNS19870016</a>."
http://dx.doi.org/10.1111/j.1600-0676.1998.tb00817.x,"Akiyoshi, H., Gonda, T., & Terada, T. (1998). A comparative histochemical and immunohistochemical study of aminergic, cholinergic and peptidergic innervation in rat, hamster, guinea pig, dog and human livers. Liver, 18(5), 352â359. Portico. https://doi.org/10.1111/j.1600-0676.1998.tb00817.x DOI:<a href='http://dx.doi.org/10.1111/j.1600-0676.1998.tb00817.x' target='_blank'>http://dx.doi.org/10.1111/j.1600-0676.1998.tb00817.x</a>."
http://dx.doi.org/10.1177/030006059602400603,"Fukuda, Y., Imoto, M., Koyama, Y., Miyazawa, Y., & Hayakawa, T. (1996). Demonstration of Noradrenaline-Immunoreactive Nerve Fibres in the Liver. Journal of International Medical Research, 24(6), 466â472. https://doi.org/10.1177/030006059602400603 DOI:<a href='http://dx.doi.org/10.1177/030006059602400603' target='_blank'>http://dx.doi.org/10.1177/030006059602400603</a>."
https://doi.org/10.1002/cne.900720205,"Alexander, W. F. (1940). The innervation of the biliary system. Journal of Comparative Neurology, 72(2), 357â370. Portico. https://doi.org/10.1002/cne.900720205 DOI:<a href='https://doi.org/10.1002/cne.900720205' target='_blank'>https://doi.org/10.1002/cne.900720205</a>."
https://doi.org/10.1016/0165-1838(83)90108-X,"Magni, F., & Carobi, C. (1983). The afferent and preganglionic parasympathetic innervation of the rat liver, demonstrated by the retrograde transport of horseradish peroxidase. Journal of the Autonomic Nervous System, 8(3), 237â260. https://doi.org/10.1016/0165-1838(83)90108-x DOI:<a href='https://doi.org/10.1016/0165-1838(83)90108-X' target='_blank'>https://doi.org/10.1016/0165-1838(83)90108-X</a>."
http://dx.doi.org/10.1002/cne.902730206,"Norgren, R., & Smith, G. P. (1988). Central distribution of subdiaphragmatic vagal branches in the rat. Journal of Comparative Neurology, 273(2), 207â223. Portico. https://doi.org/10.1002/cne.902730206 DOI:<a href='http://dx.doi.org/10.1002/cne.902730206' target='_blank'>http://dx.doi.org/10.1002/cne.902730206</a>."
http://dx.doi.org/10.1113/jphysiol.1985.sp015733,"Niijima, A. (1985). Blood glucose levels modulate efferent activity in the vagal supply to the rat liver. The Journal of Physiology, 364(1), 105â112. Portico. https://doi.org/10.1113/jphysiol.1985.sp015733 DOI:<a href='http://dx.doi.org/10.1113/jphysiol.1985.sp015733' target='_blank'>http://dx.doi.org/10.1113/jphysiol.1985.sp015733</a>."
http://dx.doi.org/10.1002/ar.a.20088,"Berthoud, H. (2004). Anatomy and function of sensory hepatic nerves. The Anatomical Record Part A: Discoveries in Molecular, Cellular, and Evolutionary Biology, 280A(1), 827â835. Portico. https://doi.org/10.1002/ar.a.20088 DOI:<a href='http://dx.doi.org/10.1002/ar.a.20088' target='_blank'>http://dx.doi.org/10.1002/ar.a.20088</a>."
http://dx.doi.org/10.1002/cphy.c140009,"Bisschop, P. H., Fliers, E., & Kalsbeek, A. (2014, December 23). Autonomic Regulation of Hepatic Glucose Production. Comprehensive Physiology; Wiley; Portico. https://doi.org/10.1002/cphy.c140009 DOI:<a href='http://dx.doi.org/10.1002/cphy.c140009' target='_blank'>http://dx.doi.org/10.1002/cphy.c140009</a>."
http://dx.doi.org/10.1007/BF00185458,"Berthoud, H., Kressel, M., & Neuhuber, WinfriedL. (1992). An anterograde tracing study of the vagal innervation of rat liver, portal vein and biliary system. Anatomy and Embryology, 186(5). https://doi.org/10.1007/bf00185458 DOI:<a href='http://dx.doi.org/10.1007/BF00185458' target='_blank'>http://dx.doi.org/10.1007/BF00185458</a>."
http://dx.doi.org/10.1002/hep.32055,"Miller, B. M., Oderberg, I. M., & Goessling, W. (2021). Hepatic Nervous System in Development, Regeneration, and Disease. Hepatology, 74(6), 3513â3522. https://doi.org/10.1002/hep.32055 DOI:<a href='http://dx.doi.org/10.1002/hep.32055' target='_blank'>http://dx.doi.org/10.1002/hep.32055</a>."
http://dx.doi.org/10.1007/978-94-009-1239-7_6,"Forssmann, W. G., BrÃ¼hl, B., & Ito, S. (1988). The innervation of the liver. In Biopathology of the Liver (pp. 69â81). Springer Netherlands. https://doi.org/10.1007/978-94-009-1239-7_6 DOI:<a href='http://dx.doi.org/10.1007/978-94-009-1239-7_6' target='_blank'>http://dx.doi.org/10.1007/978-94-009-1239-7_6</a>."
http://dx.doi.org/10.1007/BF00233883,"Nobin, A., Baumgarten, H. G., Falck, B., Ingemansson, S., Moghimzadeh, E., & Rosengren, E. (1978). Organization of the sympathetic innervation in liver tissue from monkey and man. Cell and Tissue Research, 195(3). https://doi.org/10.1007/bf00233883 DOI:<a href='http://dx.doi.org/10.1007/BF00233883' target='_blank'>http://dx.doi.org/10.1007/BF00233883</a>."
http://dx.doi.org/10.1007/s00428-007-0569-2,"Tiniakos, D. G., Mathew, J., Kittas, C., & Burt, A. D. (2008). Ontogeny of human intrahepatic innervation. Virchows Archiv, 452(4), 435â442. https://doi.org/10.1007/s00428-007-0569-2 DOI:<a href='http://dx.doi.org/10.1007/s00428-007-0569-2' target='_blank'>http://dx.doi.org/10.1007/s00428-007-0569-2</a>."
http://dx.doi.org/10.1016/0168-8278(89)90044-5,"Terada, T., & Nakanuma, Y. (1989). Innervation of intrahepatic bile ducts and peribiliary glands in normal human livers, extrahenatic biliary obstruction and hepatolithiasis. Journal of Hepatology, 9(2), 141â148. https://doi.org/10.1016/0168-8278(89)90044-5 DOI:<a href='http://dx.doi.org/10.1016/0168-8278(89)90044-5' target='_blank'>http://dx.doi.org/10.1016/0168-8278(89)90044-5</a>."
http://dx.doi.org/10.1038/s41388-020-01578-4,"Tan, X., Sivakumar, S., Bednarsch, J., Wiltberger, G., Kather, J. N., Niehues, J., de Vos-Geelen, J., Valkenburg-van Iersel, L., Kintsler, S., Roeth, A., Hao, G., Lang, S., Coolsen, M. E., den Dulk, M., Aberle, M. R., Koolen, J., Gaisa, N. T., Olde Damink, S. W. M., Neumann, U. P., & Heij, L. R. (2020). Nerve fibers in the tumor microenvironment in neurotropic cancerâpancreatic cancer and cholangiocarcinoma. Oncogene, 40(5), 899â908. https://doi.org/10.1038/s41388-020-01578-4 DOI:<a href='http://dx.doi.org/10.1038/s41388-020-01578-4' target='_blank'>http://dx.doi.org/10.1038/s41388-020-01578-4</a>."
http://dx.doi.org/10.3109/00365528509089667,"Kyousola, K., Penttilau, O., IhamaUki, T., Varis, K., & Salaspuro, M. (1985). Adrenergic Innervation of the Human Liver. Scandinavian Journal of Gastroenterology, 20(2), 254â256. https://doi.org/10.3109/00365528509089667 DOI:<a href='http://dx.doi.org/10.3109/00365528509089667' target='_blank'>http://dx.doi.org/10.3109/00365528509089667</a>."
https://doi.org/10.1002/ar.a.20086,"Uyama, N., Geerts, A., & Reynaert, H. (2004). Neural connections between the hypothalamus and the liver. The Anatomical Record Part A: Discoveries in Molecular, Cellular, and Evolutionary Biology, 280A(1), 808â820. Portico. https://doi.org/10.1002/ar.a.20086 DOI:<a href='https://doi.org/10.1002/ar.a.20086' target='_blank'>https://doi.org/10.1002/ar.a.20086</a>."
https://doi.org/10.1016/0022-4804(88)90191-6,"Carlei, F., Lygidakis, N. J., Speranza, V., Brummelkamp, W. H., McGurrin, J. F., Pietroletti, R., Lezoche, E., & Bostwick, D. G. (1988). Neuroendocrine innervation of the hepatic vessels in the rat and in man. Journal of Surgical Research, 45(5), 417â426. https://doi.org/10.1016/0022-4804(88)90191-6 DOI:<a href='https://doi.org/10.1016/0022-4804(88)90191-6' target='_blank'>https://doi.org/10.1016/0022-4804(88)90191-6</a>."
http://dx.doi.org/10.1055/s-0043-57237,"Adori, M., Bhat, S., Gramignoli, R., Valladolid-Acebes, I., Bengtsson, T., UhlÃ¨n, M., & Adori, C. (2023). Hepatic Innervations and Nonalcoholic Fatty Liver Disease. Seminars in Liver Disease, 43(02), 149â162. CLOCKSS. https://doi.org/10.1055/s-0043-57237 DOI:<a href='http://dx.doi.org/10.1055/s-0043-57237' target='_blank'>http://dx.doi.org/10.1055/s-0043-57237</a>."
http://dx.doi.org/10.1126/sciadv.abg5733,"Adori, C., Daraio, T., Kuiper, R., Barde, S., Horvathova, L., Yoshitake, T., Ihnatko, R., Valladolid-Acebes, I., Vercruysse, P., Wellendorf, A. M., Gramignoli, R., Bozoky, B., Kehr, J., Theodorsson, E., Cancelas, J. A., Mravec, B., Jorns, C., Ellis, E., Mulder, J., â¦ HÃ¶kfelt, T. (2021). Disorganization and degeneration of liver sympathetic innervations in nonalcoholic fatty liver disease revealed by 3D imaging. Science Advances, 7(30). https://doi.org/10.1126/sciadv.abg5733 DOI:<a href='http://dx.doi.org/10.1126/sciadv.abg5733' target='_blank'>http://dx.doi.org/10.1126/sciadv.abg5733</a>."
https://doi.org/10.1155%2F2012%2F816274,"Dorsher, P. T., & McIntosh, P. M. (2012). Neurogenic Bladder. Advances in Urology, 2012, 1â16. https://doi.org/10.1155/2012/816274 DOI:<a href='https://doi.org/10.1155%2F2012%2F816274' target='_blank'>https://doi.org/10.1155%2F2012%2F816274</a>."
https://doi.org/10.1371/journal.pone.0241490,"Zivcevska, M., Lei, S., Blakeman, A., MacGregor, D., Goltz, H. C., & Wong, A. M. F. (2020). Investigation of light-induced lacrimation and pupillary responses in episodic migraine. PLOS ONE, 15(10), e0241490. https://doi.org/10.1371/journal.pone.0241490 DOI:<a href='https://doi.org/10.1371/journal.pone.0241490' target='_blank'>https://doi.org/10.1371/journal.pone.0241490</a>."
https://doi.org/10.1111%2Fnyas.14119,"FranÃ§ois, M., Torres, H., Huesing, C., Zhang, R., Saurage, C., Lee, N., QuallsâCreekmore, E., Yu, S., Morrison, C. D., Burk, D., Berthoud, H. R., & MÃ¼nzberg, H. (2019). Sympathetic innervation of the interscapular brown adipose tissue in mouse. Annals of the New York Academy of Sciences, 1454(1), 3â13. Portico. https://doi.org/10.1111/nyas.14119 DOI:<a href='https://doi.org/10.1111%2Fnyas.14119' target='_blank'>https://doi.org/10.1111%2Fnyas.14119</a>."
https://doi.org/10.1016/0165-1838(89)90117-3,"Kuramoto, H., & Furness, J. B. (1989). Distribution of enteric nerve cells that project from the small intestine to the coeliac ganglion in the guinea-pig. Journal of the Autonomic Nervous System, 27(3), 241â248. https://doi.org/10.1016/0165-1838(89)90117-3 DOI:<a href='https://doi.org/10.1016/0165-1838(89)90117-3' target='_blank'>https://doi.org/10.1016/0165-1838(89)90117-3</a>."
https://doi.org/10.1016/0006-8993(87)91483-1,"Magni, F., Bruschi, F., & Kasti, M. (1987). The afferent innervation of the thymus gland in the rat. Brain Research, 424(2), 379â385. https://doi.org/10.1016/0006-8993(87)91483-1 DOI:<a href='https://doi.org/10.1016/0006-8993(87)91483-1' target='_blank'>https://doi.org/10.1016/0006-8993(87)91483-1</a>."
https://doi.org/10.2500%2Far.2013.4.0067,"Hom, M. M., & Bielory, L. (2013). The Anatomical and Functional Relationship between Allergic Conjunctivitis and Allergic Rhinitis. Allergy &amp; Rhinology, 4(3). https://doi.org/10.2500/ar.2013.4.0067 DOI:<a href='https://doi.org/10.2500%2Far.2013.4.0067' target='_blank'>https://doi.org/10.2500%2Far.2013.4.0067</a>."
https://doi.org/10.1002%2Fcphy.c140014,"McDougal, D. H., & Gamlin, P. D. (2014, December 23). Autonomic Control of the Eye. Comprehensive Physiology; Wiley; Portico. https://doi.org/10.1002/cphy.c140014 DOI:<a href='https://doi.org/10.1002%2Fcphy.c140014' target='_blank'>https://doi.org/10.1002%2Fcphy.c140014</a>."
https://doi.org/10.1016/B978-0-323-67236-8.00001-8,"Saban, Y., SÃ¶zen, T., Palhazi, P., & Polselli, R. (2021). Salivary Gland Anatomy. In Surgery of the Salivary Glands (pp. 2â11). Elsevier. https://doi.org/10.1016/b978-0-323-67236-8.00001-8 DOI:<a href='https://doi.org/10.1016/B978-0-323-67236-8.00001-8' target='_blank'>https://doi.org/10.1016/B978-0-323-67236-8.00001-8</a>."
https://doi.org/10.1186/2052-1847-6-17,"Peinado, A. B., Rojo, J. J., CalderÃ³n, F. J., & Maffulli, N. (2014). Responses to increasing exercise upon reaching the anaerobic threshold, and their control by the central nervous system. BMC Sports Science, Medicine and Rehabilitation, 6(1). https://doi.org/10.1186/2052-1847-6-17 DOI:<a href='https://doi.org/10.1186/2052-1847-6-17' target='_blank'>https://doi.org/10.1186/2052-1847-6-17</a>."
https://doi.org/10.7181/acfs.2016.17.4.237,"Hong, S. E., Kwon, J. W., Kang, S. R., & Park, B. Y. (2016). The Effect of Botulinum Toxin on an Iatrogenic Sialo-Cutaneous Fistula. Archives of Craniofacial Surgery, 17(4), 237. https://doi.org/10.7181/acfs.2016.17.4.237 DOI:<a href='https://doi.org/10.7181/acfs.2016.17.4.237' target='_blank'>https://doi.org/10.7181/acfs.2016.17.4.237</a>."
https://doi.org/10.1007/bf00224723,"Keast, J. R., Booth, A. M., & de Groat, W. C. (1989). Distribution of neurons in the major pelvic ganglion of the rat which supply the bladder, colon or penis. Cell and Tissue Research, 256(1), 105â112. https://doi.org/10.1007/bf00224723 DOI:<a href='https://doi.org/10.1007/bf00224723' target='_blank'>https://doi.org/10.1007/bf00224723</a>."
https://doi.org/10.1016/S0074-7696(08)61778-7,"Keast, J. R. (1999). Unusual Autonomic Ganglia: Connections, Chemistry, and Plasticity of Pelvic Ganglia. In International Review of Cytology (pp. 1â69). Elsevier. https://doi.org/10.1016/s0074-7696(08)61778-7 DOI:<a href='https://doi.org/10.1016/S0074-7696(08)61778-7' target='_blank'>https://doi.org/10.1016/S0074-7696(08)61778-7</a>."
https://doi.org/10.1002/ar.1092240112,"Dail, W. G., Trujillo, D., Rosa, D. D. L., & Walton, G. (1989). Autonomic innervation of reproductive organs: Analysis of the neurons whose axons project in the main penile nerve in the pelvic plexus of the rat. The Anatomical Record, 224(1), 94â101. Portico. https://doi.org/10.1002/ar.1092240112 DOI:<a href='https://doi.org/10.1002/ar.1092240112' target='_blank'>https://doi.org/10.1002/ar.1092240112</a>."
https://doi.org/10.1002/jemt.10225,"Gerendai, I., Kocsis, K., & HalÃ¡sz, B. (2002). Supraspinal connections of the ovary: Structural and functional aspects. Microscopy Research and Technique, 59(6), 474â483. Portico. https://doi.org/10.1002/jemt.10225 DOI:<a href='https://doi.org/10.1002/jemt.10225' target='_blank'>https://doi.org/10.1002/jemt.10225</a>."
https://doi.org/10.1186/1477-7827-4-43,"Cruz, M. E., Flores, A., Palafox, M. T., MelÃ©ndez, G., RodrÃ­guez, J. O., Chavira, R., & DomÃ­nguez, R. (2006). The role of the muscarinic system in regulating estradiol secretion varies during the estrous cycle: the hemiovariectomized rat model. Reproductive Biology and Endocrinology, 4(1). https://doi.org/10.1186/1477-7827-4-43 DOI:<a href='https://doi.org/10.1186/1477-7827-4-43' target='_blank'>https://doi.org/10.1186/1477-7827-4-43</a>."
https://doi.org/10.1016/s0165-1838(98)00079-4,"Orr, R., & Marson, L. (1998). Identification of CNS neurons innervating the rat prostate: A transneuronal tracing study using pseudorabies virus. Journal of the Autonomic Nervous System, 72(1), 4â15. https://doi.org/10.1016/s0165-1838(98)00079-4 DOI:<a href='https://doi.org/10.1016/s0165-1838(98)00079-4' target='_blank'>https://doi.org/10.1016/s0165-1838(98)00079-4</a>."
https://doi.org/10.1007/BF00417871,"Kepper, M., & Keast, J. (1995). Immunohistochemical properties and spinal connections of pelvic autonomic neurons that innervate the rat prostate gland. Cell &amp; Tissue Research, 281(3), 533â542. https://doi.org/10.1007/bf00417871 DOI:<a href='https://doi.org/10.1007/BF00417871' target='_blank'>https://doi.org/10.1007/BF00417871</a>."
https://doi.org/10.1016/s0166-4328(99)00084-4,"Keast, J. R. (1999). The autonomic nerve supply of male sex organs â an important target of circulating androgens. Behavioural Brain Research, 105(1), 81â92. https://doi.org/10.1016/s0166-4328(99)00084-4 DOI:<a href='https://doi.org/10.1016/s0166-4328(99)00084-4' target='_blank'>https://doi.org/10.1016/s0166-4328(99)00084-4</a>."
https://doi.org/10.1186/1471-2202-3-8,"Nadelhaft, I., Miranda-Sousa, A. J., & Vera, P. L. (2002). Separate urinary bladder and prostate neurons in the central nervous system of the rat: simultaneous labeling with two immunohistochemically distinguishable pseudorabies viruses. BMC Neuroscience, 3(1). https://doi.org/10.1186/1471-2202-3-8 DOI:<a href='https://doi.org/10.1186/1471-2202-3-8' target='_blank'>https://doi.org/10.1186/1471-2202-3-8</a>."
https://doi.org/10.1016/s0163-7258(02)00174-2,"Ventura, S., Pennefather, J. N., & Mitchelson, F. (2002). Cholinergic innervation and function in the prostate gland. Pharmacology &amp; Therapeutics, 94(1â2), 93â112. https://doi.org/10.1016/s0163-7258(02)00174-2 DOI:<a href='https://doi.org/10.1016/s0163-7258(02)00174-2' target='_blank'>https://doi.org/10.1016/s0163-7258(02)00174-2</a>."
https://doi.org/10.1046/j.1365-2680.2000.00195.x,"Pennefather, J. N., Lau, W. A. K., Mitchelson, F., & Ventura, S. (2000). The autonomic and sensory innervation of the smooth muscle of the prostate gland: a review of pharmacological and histological studies. Journal of Autonomic Pharmacology, 20(4), 193â206. Portico. https://doi.org/10.1046/j.1365-2680.2000.00195.x DOI:<a href='https://doi.org/10.1046/j.1365-2680.2000.00195.x' target='_blank'>https://doi.org/10.1046/j.1365-2680.2000.00195.x</a>."
https://doi.org/10.1002/ca.10187,"Ali, M., Johnson, I. P., Hobson, J., Mohammadi, B., & Khan, F. (2004). Anatomy of the pelvic plexus and innervation of the prostate gland. Clinical Anatomy, 17(2), 123â129. Portico. https://doi.org/10.1002/ca.10187 DOI:<a href='https://doi.org/10.1002/ca.10187' target='_blank'>https://doi.org/10.1002/ca.10187</a>."
https://doi.org/10.1016/b978-0-7020-3131-1.00030-4,"Patel, U. (2011). The prostate and seminal vesicles. In Clinical Ultrasound (pp. 572â592). Elsevier. https://doi.org/10.1016/b978-0-7020-3131-1.00030-4 DOI:<a href='https://doi.org/10.1016/b978-0-7020-3131-1.00030-4' target='_blank'>https://doi.org/10.1016/b978-0-7020-3131-1.00030-4</a>."
https://doi.org/10.1590/s0041-87812002000600008,"Rodrigues, A. O., Machado, M. T., & Wroclawski, E. R. (2002). Prostate innervation and local anesthesia in prostate procedures. Revista Do Hospital Das ClÃ­nicas, 57(6), 287â292. https://doi.org/10.1590/s0041-87812002000600008 DOI:<a href='https://doi.org/10.1590/s0041-87812002000600008' target='_blank'>https://doi.org/10.1590/s0041-87812002000600008</a>."
https://doi.org/10.4161/org.24843,"White, C. W., Xie, J. H., & Ventura, S. (2013). Age-related changes in the innervation of the prostate gland: Implications for prostate cancer initiation and progression. Organogenesis, 9(3), 206â215. https://doi.org/10.4161/org.24843 DOI:<a href='https://doi.org/10.4161/org.24843' target='_blank'>https://doi.org/10.4161/org.24843</a>."
https://doi.org/10.1002/1097-0045(20000801)44:3%3C225::AID-PROS7%3E3.0.CO;2-G,"Yonese, J., Kihara, K., Sato, K., Fukuda, H., Kamata, S., & Oshima, H. (2000). Sympathetic efferent pathways projecting to the prostate in the dog. The Prostate, 44(3), 225â232. https://doi.org/10.1002/1097-0045(20000801)44:3<225::aid-pros7>3.0.co;2-g DOI:<a href='https://doi.org/10.1002/1097-0045(20000801)44:3%3C225::AID-PROS7%3E3.0.CO;2-G' target='_blank'>https://doi.org/10.1002/1097-0045(20000801)44:3%3C225::AID-PROS7%3E3.0.CO;2-G</a>."
https://doi.org/10.1016/s0022-5347(17)42128-8,"Watanabe, H., Shima, M., Kojima, M., & Ohe, H. (1988). Dynamic Study of Nervous Control on Prostatic Contraction and Fluid Excretion in the Dog. Journal of Urology, 140(6), 1567â1570. https://doi.org/10.1016/s0022-5347(17)42128-8 DOI:<a href='https://doi.org/10.1016/s0022-5347(17)42128-8' target='_blank'>https://doi.org/10.1016/s0022-5347(17)42128-8</a>."
https://doi.org/10.1016/s0940-9602(04)80055-4,"Zacharko, A., Arciszewski, M. B., & WaÌ§sowicz, K. (2004). Origin of the primary efferent neurons projecting to the prostate of the dog. Annals of Anatomy - Anatomischer Anzeiger, 186(4), 349â356. https://doi.org/10.1016/s0940-9602(04)80055-4 DOI:<a href='https://doi.org/10.1016/s0940-9602(04)80055-4' target='_blank'>https://doi.org/10.1016/s0940-9602(04)80055-4</a>."
https://doi.org/10.1016/0304-3940(79)90046-6,"Hancock, M. B., & Peveto, C. A. (1979). Preganglionic neurons in the sacral spinal cord of the rat: an HRP study. Neuroscience Letters, 11(1), 1â5. https://doi.org/10.1016/0304-3940(79)90046-6 DOI:<a href='https://doi.org/10.1016/0304-3940(79)90046-6' target='_blank'>https://doi.org/10.1016/0304-3940(79)90046-6</a>."
https://doi.org/10.1016/j.urology.2010.03.013,"Hsieh, J.-T., Liu, S.-P., Chang, H.-C., Kuo, Y.-C., Chen, J.-H., Jaw, F.-S., & Tsai, V. F. S. (2010). Parasympathetic Influence Plays an Independent and Significant Role in Inducing the Contraction of the Seminal Vesicle of the Rat. Urology, 76(2), 511.e1-511.e4. https://doi.org/10.1016/j.urology.2010.03.013 DOI:<a href='https://doi.org/10.1016/j.urology.2010.03.013' target='_blank'>https://doi.org/10.1016/j.urology.2010.03.013</a>."
https://doi.org/10.1016/S0074-7696(06)48003-7,"Keast, J. R. (2006). Plasticity of Pelvic Autonomic Ganglia and Urogenital Innervation. In International Review of Cytology (pp. 141â208). Elsevier. https://doi.org/10.1016/s0074-7696(06)48003-7 DOI:<a href='https://doi.org/10.1016/S0074-7696(06)48003-7' target='_blank'>https://doi.org/10.1016/S0074-7696(06)48003-7</a>."
https://pubmed.ncbi.nlm.nih.gov/758335/,"Hancock, M. & Peveto, C. (1979). A preganglionic autonomic nucleus in the dorsal gray commissure of the lumbar spinal cord of the rat.. <i>J Comp Neurol</i>."
https://doi.org/10.1016/j.autneu.2018.12.005,"Arellano, J., Xelhuantzi, N., Mirto, N., HernÃ¡ndez, M. E., & Cruz, Y. (2019). Neural interrelationships of autonomic ganglia from the pelvic region of male rats. Autonomic Neuroscience, 217, 26â34. https://doi.org/10.1016/j.autneu.2018.12.005 DOI:<a href='https://doi.org/10.1016/j.autneu.2018.12.005' target='_blank'>https://doi.org/10.1016/j.autneu.2018.12.005</a>."
https://doi.org/10.1016/s0074-7696(06)48003-7,"Keast, J. R. (2006). Plasticity of Pelvic Autonomic Ganglia and Urogenital Innervation. In International Review of Cytology (pp. 141â208). Elsevier. https://doi.org/10.1016/s0074-7696(06)48003-7 DOI:<a href='https://doi.org/10.1016/s0074-7696(06)48003-7' target='_blank'>https://doi.org/10.1016/s0074-7696(06)48003-7</a>."
https://doi.org/10.1016/S0165-1838(96)00117-8,"Kihara, K., & de Groat, W. C. (1997). Sympathetic efferent pathways projecting to the bladder neck and proximal urethra in the rat. Journal of the Autonomic Nervous System, 62(3), 134â142. https://doi.org/10.1016/s0165-1838(96)00117-8 DOI:<a href='https://doi.org/10.1016/S0165-1838(96)00117-8' target='_blank'>https://doi.org/10.1016/S0165-1838(96)00117-8</a>."
https://doi.org/10.1095/biolreprod57.5.1164,"Kepper, M. E., & Keast, J. R. (1997). Location, Immunohistochemical Features, and Spinal Connections of Autonomic Neurons Innervating the Rat Seminal Vesicles1. Biology of Reproduction, 57(5), 1164â1174. https://doi.org/10.1095/biolreprod57.5.1164 DOI:<a href='https://doi.org/10.1095/biolreprod57.5.1164' target='_blank'>https://doi.org/10.1095/biolreprod57.5.1164</a>."
https://doi.org/10.1016/0306-4522(94)00595-V,"Keast, J. R. (1995). Visualization and immunohistochemical characterization of sympathetic and parasympathetic neurons in the male rat major pelvic ganglion. Neuroscience, 66(3), 655â662. https://doi.org/10.1016/0306-4522(94)00595-v DOI:<a href='https://doi.org/10.1016/0306-4522(94)00595-V' target='_blank'>https://doi.org/10.1016/0306-4522(94)00595-V</a>."
https://doi.org/10.1007/s00276-002-0083-9,"Drizenko, A., Goullet, E., Mauroy, B., Demondion, X., Bonnal, J.-L., Biserte, J., & Abbou, C. (2003). The inferior hypogastric plexus (pelvic plexus): its importance in neural preservation techniques. Surgical and Radiologic Anatomy, 25(1), 6â15. https://doi.org/10.1007/s00276-002-0083-9 DOI:<a href='https://doi.org/10.1007/s00276-002-0083-9' target='_blank'>https://doi.org/10.1007/s00276-002-0083-9</a>."
https://doi.org/10.1016/b978-0-12-800077-9.00029-3,"Reeves, F., Everaerts, W., Murphy, D. G., & Costello, A. (2016). The Surgical Anatomy of the Prostate. In Prostate Cancer (pp. 253â263). Elsevier. https://doi.org/10.1016/b978-0-12-800077-9.00029-3 DOI:<a href='https://doi.org/10.1016/b978-0-12-800077-9.00029-3' target='_blank'>https://doi.org/10.1016/b978-0-12-800077-9.00029-3</a>."
https://doi.org/10.1002/(SICI)1096-9136(199608)13:8%3C700::AID-DIA174%3E3.0.CO;2-8,"Dunsmuir, W. D., & Holmes, S. A. V. (1996). The Aetiology and Management of Erectile, Ejaculatory, and Fertility Problems in Men with Diabetes Mellitus. Diabetic Medicine, 13(8), 700â708. https://doi.org/10.1002/(sici)1096-9136(199608)13:8<700::aid-dia174>3.0.co;2-8 DOI:<a href='https://doi.org/10.1002/(SICI)1096-9136(199608)13:8%3C700::AID-DIA174%3E3.0.CO;2-8' target='_blank'>https://doi.org/10.1002/(SICI)1096-9136(199608)13:8%3C700::AID-DIA174%3E3.0.CO;2-8</a>."
https://doi.org/10.1002/ca.23079,"RÃ¶thlisberger, R., Aurore, V., Boemke, S., Bangerter, H., Bergmann, M., Thalmann, G. N., & Djonov, V. (2018). The anatomy of the male inferior hypogastric plexus: What should we know for nerve sparing surgery. Clinical Anatomy, 31(6), 788â796. Portico. https://doi.org/10.1002/ca.23079 DOI:<a href='https://doi.org/10.1002/ca.23079' target='_blank'>https://doi.org/10.1002/ca.23079</a>."
https://doi.org/10.1016/S0022-5347(05)64134-1,"KUBOTA, Y., HASHITANI, H., FUKUTA, H., SASAKI, S., KOHRI, K., & SUZUKI, H. (2003). Mechanisms of Excitatory Transmission in Circular Smooth Muscles of the Guinea pig Seminal Vesicle. Journal of Urology, 169(1), 390â395. https://doi.org/10.1016/s0022-5347(05)64134-1 DOI:<a href='https://doi.org/10.1016/S0022-5347(05)64134-1' target='_blank'>https://doi.org/10.1016/S0022-5347(05)64134-1</a>."
https://doi.org/10.1515/tnsci-2020-0184,"Alkatout, I., Wedel, T., Pape, J., Possover, M., & Dhanawat, J. (2021). Review: Pelvic nervesâââfrom anatomy and physiology to clinical applications. Translational Neuroscience, 12(1), 362â378. https://doi.org/10.1515/tnsci-2020-0184 DOI:<a href='https://doi.org/10.1515/tnsci-2020-0184' target='_blank'>https://doi.org/10.1515/tnsci-2020-0184</a>."
http://dx.doi.org/10.1016/j.rapm.2003.12.015,"Borene, S. (2004). At the cords, the pinkie towards: interpreting infraclavicular motor responses to neurostimulation. Regional Anesthesia and Pain Medicine, 29(2), 125â129. https://doi.org/10.1016/j.rapm.2003.12.015 DOI:<a href='http://dx.doi.org/10.1016/j.rapm.2003.12.015' target='_blank'>http://dx.doi.org/10.1016/j.rapm.2003.12.015</a>."
https://doi.org/10.1016/B978-0-12-802653-3.00082-8,"Neal, S. (2015). Peripheral Nerve Injury of the Upper Extremity. In Nerves and Nerve Injuries (pp. 505â524). Elsevier. https://doi.org/10.1016/b978-0-12-802653-3.00082-8 DOI:<a href='https://doi.org/10.1016/B978-0-12-802653-3.00082-8' target='_blank'>https://doi.org/10.1016/B978-0-12-802653-3.00082-8</a>."
http://dx.doi.org/10.7759/cureus.25203,"Memon, A. B., Mahmood, S., Waseem, F., Sherburn, F., Nardone, A., & Ahmad, B. K. (2022). Lateral Antebrachial Cutaneous Neuropathy: A Review of 15 Cases. Cureus. https://doi.org/10.7759/cureus.25203 DOI:<a href='http://dx.doi.org/10.7759/cureus.25203' target='_blank'>http://dx.doi.org/10.7759/cureus.25203</a>."
https://doi.org/10.1007/s10286-015-0282-1,"Asahina, M., Poudel, A., & Hirano, S. (2015). Sweating on the palm and sole: physiological and clinical relevance. Clinical Autonomic Research, 25(3), 153â159. https://doi.org/10.1007/s10286-015-0282-1 DOI:<a href='https://doi.org/10.1007/s10286-015-0282-1' target='_blank'>https://doi.org/10.1007/s10286-015-0282-1</a>."
https://doi.org/10.1111/bjd.15808,"Hu, Y., Converse, C., Lyons, M. C., & Hsu, W. H. (2018). Neural control of sweat secretion: a review. British Journal of Dermatology, 178(6), 1246â1256. Portico. https://doi.org/10.1111/bjd.15808 DOI:<a href='https://doi.org/10.1111/bjd.15808' target='_blank'>https://doi.org/10.1111/bjd.15808</a>."
https://doi.org/10.1159/000060678,"Groscurth, P. (2002). Anatomy of Sweat Glands. In Hyperhidrosis and Botulinum Toxin in Dermatology (pp. 1â9). KARGER. https://doi.org/10.1159/000060678 DOI:<a href='https://doi.org/10.1159/000060678' target='_blank'>https://doi.org/10.1159/000060678</a>."
